motif_id,motif_name,mean_importance,abs_mean_importance,mean_abs_importance,std_importance
M4923-1.02,Dr,0.07930077,0.07930077,0.21605992,0.25478068
M4728-1.02,Adf1,0.048608813,0.048608813,0.13532117,0.18618652
M4964-1.02,fd64A,0.038101707,0.038101707,0.11004846,0.13122799
M0580-1.02,(dan)_(Bombyx_mori)_(DBD_0.85),0.037555207,0.037555207,0.22052099,0.24880973
M5244-1.02,tj,0.037470136,0.037470136,0.2316129,0.26166454
M4820-1.02,CG13424,-0.03699666,0.03699666,0.09456607,0.12356053
M2060-1.02,FBgn0261930,-0.035498444,0.035498444,0.11889852,0.14117679
M5102-1.02,Med,-0.031838093,0.031838093,0.09678551,0.10242578
M0302-1.02,(A3-3)_(Mus_musculus)_(DBD_0.56),-0.031663705,0.031663705,0.115164705,0.1334397
M1089-1.02,bsh,-0.02858167,0.02858167,0.06779073,0.09302852
M5196-1.02,slou,0.028521826,0.028521826,0.118263766,0.17485113
M0737-1.02,(fd96Ca)_(Mus_musculus)_(DBD_0.88),0.028504886,0.028504886,0.16463168,0.17946441
M0641-1.02,dmrt99B,-0.027889539,0.027889539,0.121369146,0.1362839
M6459-1.02,(RunxA)_(Homo_sapiens)_(DBD_0.73),0.026972344,0.026972344,0.07208852,0.108027026
M4996-1.02,Hand,-0.026784414,0.026784414,0.07428781,0.0960359
M4924-1.02,Dref,0.026742077,0.026742077,0.101978794,0.118783556
M5185-1.02,sd,-0.026474325,0.026474325,0.13711663,0.16966704
M5113-1.02,nau,0.026266227,0.026266227,0.089090325,0.107657626
M5009-1.02,hkb,0.026157776,0.026157776,0.06272921,0.07048841
M4757-1.02,bab1,0.026000505,0.026000505,0.10979421,0.14341274
M4899-1.02,crp,0.025889665,0.025889665,0.23637663,0.27088484
M5217-1.02,ss,0.025737593,0.025737593,0.061593976,0.07885406
M1628-1.02,(org-1)_(Mus_musculus)_(DBD_0.70),-0.025579523,0.025579523,0.09769091,0.1353859
M5059-1.02,knrl,-0.025229046,0.025229046,0.1402913,0.21108551
M5660-1.02,(NfI)_(Homo_sapiens)_(DBD_0.80),0.024877412,0.024877412,0.10996459,0.16066673
M5144-1.02,pan,0.022831494,0.022831494,0.16026725,0.18241128
M4969-1.02,Fer2,0.022822151,0.022822151,0.12026839,0.12802185
M5187-1.02,sens,-0.022688799,0.022688799,0.06680495,0.07606502
M5111-1.02,FBgn0263112,0.022636222,0.022636222,0.094944894,0.10614443
M5030-1.02,Hnf4,-0.022549659,0.022549659,0.06856058,0.08127463
M4870-1.02,CG5669,0.022230832,0.022230832,0.07342333,0.09255207
M4966-1.02,Fer1,0.021946799,0.021946799,0.08021539,0.11698841
M1849-1.02,Cf2,-0.021671813,0.021671813,0.14481671,0.16579755
M4747-1.02,Atf-2,0.021050196,0.021050196,0.17134324,0.21232164
M4748-1.02,Atf6,0.020936422,0.020936422,0.048762444,0.07026375
M6501-1.02,(HLH3B)_(Homo_sapiens)_(DBD_0.81),0.020911314,0.020911314,0.09627077,0.1241766
M2027-1.02,ct,-0.020278111,0.020278111,0.08657851,0.09877026
M4847-1.02,CG32830,-0.019961333,0.019961333,0.0788445,0.085392766
M5152-1.02,phol,-0.01993326,0.01993326,0.03325339,0.052279454
M4819-1.02,CG12768,0.019782716,0.019782716,0.14044064,0.16299732
M1101-1.02,Vsx1,0.01926792,0.01926792,0.079116724,0.100798994
M4902-1.02,D19B,-0.019066418,0.019066418,0.1293424,0.1491354
M5252-1.02,tup,0.018853698,0.018853698,0.09136117,0.10952487
M5019-1.02,HLHm3,0.01857134,0.01857134,0.08183027,0.1260336
M1098-1.02,dve,-0.018080277,0.018080277,0.08208753,0.10773298
M5006-1.02,Hey,0.018019779,0.018019779,0.084723145,0.09145114
M5022-1.02,HLHm7,-0.01768531,0.01768531,0.0375888,0.050773032
M1890-1.02,(Nf-YA)_(Homo_sapiens)_(DBD_0.84),0.017512476,0.017512476,0.17506562,0.206731
M5182-1.02,scrt,0.017343394,0.017343394,0.14991358,0.18367364
M6237-1.02,(fd59A)_(Homo_sapiens)_(DBD_0.89),0.017342133,0.017342133,0.086684495,0.101506114
M4859-1.02,CG3838,-0.017288221,0.017288221,0.11629266,0.15520638
M4720-1.02,abd-A,0.017174065,0.017174065,0.16609259,0.21326923
M1524-1.02,(Rfx)_(Apis_mellifera)_(DBD_0.78),-0.017151698,0.017151698,0.024846224,0.03872439
M5233-1.02,sima,-0.017144851,0.017144851,0.04345123,0.049143326
M5208-1.02,Sox15,0.016941227,0.016941227,0.0810304,0.11409427
M5099-1.02,Mad,0.016876036,0.016876036,0.08506682,0.116155915
M2013-1.02,Six4,-0.016713617,0.016713617,0.29628745,0.40055248
M5234-1.02,sim,0.016577726,0.016577726,0.15155835,0.19086571
M5224-1.02,tai,-0.016487712,0.016487712,0.037387263,0.048718106
M2016-1.02,achi,0.01625835,0.01625835,0.14742301,0.17551324
M4939-1.02,Eip93F,-0.016235227,0.016235227,0.034416065,0.05046422
M1102-1.02,CG15696,0.016216006,0.016216006,0.13717456,0.15184462
M2387-1.02,(HLH106)_(Homo_sapiens)_(DBD_0.80),-0.015948681,0.015948681,0.06131132,0.076009005
M5003-1.02,her,-0.015526911,0.015526911,0.028499037,0.0328592
M4953-1.02,Ets97D,-0.015215381,0.015215381,0.09896582,0.10602024
M1986-1.02,CG18599,-0.015027685,0.015027685,0.038680088,0.039587166
M5047-1.02,jigr1,-0.014977392,0.014977392,0.11571645,0.15766649
M4982-1.02,GATAd,0.01465963,0.01465963,0.26623404,0.2959941
M5039-1.02,Hsf,-0.014237806,0.014237806,0.06373763,0.088532396
M4724-1.02,ac,-0.014214889,0.014214889,0.047836185,0.068085745
M4873-1.02,CG6276,-0.014186233,0.014186233,0.16303144,0.18266661
M4813-1.02,CG12155,-0.014161418,0.014161418,0.051451925,0.067006715
M1913-1.02,sna,0.01396609,0.01396609,0.10269673,0.12890086
M4809-1.02,CG11617,0.0138041675,0.0138041675,0.026982129,0.056387004
M2021-1.02,bcd,0.013784518,0.013784518,0.073891886,0.13929139
M4914-1.02,disco,-0.013698351,0.013698351,0.058176033,0.104796916
M4985-1.02,gl,0.013539758,0.013539758,0.039344985,0.055669382
M4840-1.02,CG31670,-0.013519296,0.013519296,0.036689878,0.046646323
M0723-1.02,(CG9571)_(Mus_musculus)_(DBD_0.64),0.013486667,0.013486667,0.033392016,0.040561944
M4672-1.02,E2f,0.013332316,0.013332316,0.03492324,0.040625036
M1837-1.02,(lz)_(Mus_musculus)_(DBD_0.71),0.013291723,0.013291723,0.06043609,0.076126926
M2325-1.02,BEAF-32,0.01312493,0.01312493,0.06580758,0.08152117
M0967-1.02,(CG34367)_(Mus_musculus)_(DBD_0.96),0.013007838,0.013007838,0.072627135,0.08636653
M4869-1.02,CG5180,0.012936065,0.012936065,0.08727534,0.11770924
M4794-1.02,cato,-0.012692218,0.012692218,0.089140736,0.096107475
M4977-1.02,ftz,0.012656385,0.012656385,0.04645072,0.061682902
M5241-1.02,tin,-0.01241286,0.01241286,0.07004841,0.08653694
M1469-1.02,Hr46,0.012066919,0.012066919,0.09813268,0.11797527
M5004-1.02,Her,0.011979084,0.011979084,0.039085742,0.051109046
M5704-1.02,(prd)_(Homo_sapiens)_(DBD_0.77),0.011963737,0.011963737,0.08841483,0.10473303
M4743-1.02,ara,-0.011907663,0.011907663,0.07546153,0.09522731
M1977-1.02,B-H1,-0.011801092,0.011801092,0.028016847,0.04389063
M4808-1.02,CG11504,0.011688187,0.011688187,0.11979247,0.14032105
M5103-1.02,Mes2,0.011599231,0.011599231,0.05715006,0.07817687
M2002-1.02,Lag1,0.011563363,0.011563363,0.22125183,0.27607638
M5121-1.02,odd,0.011422028,0.011422028,0.050585862,0.06586171
M2263-1.02,ttk,0.01141179,0.01141179,0.10937046,0.12552832
M1090-1.02,ems,-0.011215543,0.011215543,0.028462527,0.042133592
M4911-1.02,dimm,-0.011199363,0.011199363,0.050595853,0.06000761
M4860-1.02,CG3919,-0.010930501,0.010930501,0.03984548,0.05050058
M2259-1.02,opa,0.010894649,0.010894649,0.25391656,0.34953687
M5060-1.02,Kr,-0.010793331,0.010793331,0.048187256,0.05393277
M4878-1.02,CG7386,-0.010727939,0.010727939,0.08191072,0.09526195
M4879-1.02,CG7745,-0.010719881,0.010719881,0.034148205,0.061243914
M5037-1.02,Hr83,-0.01051661,0.01051661,0.09363435,0.108963765
M5263-1.02,Usf,0.010458744,0.010458744,0.06774409,0.0937405
M1104-1.02,FBgn0054031,-0.010440159,0.010440159,0.15078254,0.19010836
M1850-1.02,usp,0.010420267,0.010420267,0.048403505,0.06432046
M6166-1.02,(CG6905)_(Homo_sapiens)_(DBD_0.97),-0.010161627,0.010161627,0.07835564,0.09113216
M5203-1.02,sob,-0.010084269,0.010084269,0.10866363,0.18445833
M4787-1.02,byn,-0.0100062005,0.0100062005,0.019227585,0.034094863
M5158-1.02,Poxm,0.009927653,0.009927653,0.034557275,0.0559805
M4857-1.02,CG3407,0.009917915,0.009917915,0.13815536,0.15259705
M5079-1.02,lmd,-0.009899841,0.009899841,0.15634961,0.25237033
M4735-1.02,amos,-0.009812213,0.009812213,0.10152093,0.12653068
M1088-1.02,Dll,0.00979335,0.00979335,0.035389256,0.05303023
M1519-1.02,(NFAT)_(Gallus_gallus)_(DBD_0.58),0.009733734,0.009733734,0.035751462,0.040391386
M4913-1.02,disco-r,-0.009616331,0.009616331,0.28416047,0.30358198
M5149-1.02,PHDP,0.009560577,0.009560577,0.04547992,0.062390275
M4876-1.02,CG7368,0.009486362,0.009486362,0.08300355,0.15279678
M1912-1.02,Su(H),0.009290471,0.009290471,0.025947554,0.036621056
M4904-1.02,Deaf1,0.0089004915,0.0089004915,0.02524828,0.051018536
M5048-1.02,jim,0.00889353,0.00889353,0.02103849,0.031990845
M4750-1.02,ato,0.008710345,0.008710345,0.069820754,0.110187255
M1960-1.02,(Sox21a)_(Mus_musculus)_(DBD_0.93),-0.008654453,0.008654453,0.040329754,0.06067295
M0135-1.02,Xrp1,0.0086098295,0.0086098295,0.18626037,0.21493015
M5035-1.02,Hr51,-0.008539659,0.008539659,0.1408623,0.19431117
M4765-1.02,bin,-0.00852653,0.00852653,0.036370583,0.04350079
M6186-1.02,(CG7786)_(Homo_sapiens)_(DBD_0.56),0.00850765,0.00850765,0.042939663,0.052681733
M4673-1.02,fkh,-0.008439888,0.008439888,0.09683,0.11335449
M4708-1.02,(Tbp)_(Homo_sapiens)_(DBD_0.90),-0.008354384,0.008354384,0.0643837,0.08038487
M4898-1.02,crol,0.008297384,0.008297384,0.047740452,0.06712996
M1992-1.02,CG7056,-0.0081096385,0.0081096385,0.076238014,0.09585349
M5147-1.02,peb,-0.008042696,0.008042696,0.029964106,0.037055973
M4633-1.02,(bs)_(Homo_sapiens)_(DBD_0.96),-0.008021046,0.008021046,0.07809589,0.09887783
M5101-1.02,Mnt,-0.008013641,0.008013641,0.025141649,0.03509223
M4677-1.02,kni,0.008004353,0.008004353,0.02913273,0.045187417
M4962-1.02,exex,-0.0077400557,0.0077400557,0.27393323,0.30760673
M5222-1.02,sv,0.0077130455,0.0077130455,0.092464425,0.102901794
M5024-1.02,HLHmdelta,-0.0075029507,0.0075029507,0.026196484,0.035982948
M4937-1.02,Eip75B,0.0074450443,0.0074450443,0.022764085,0.027097357
M5104-1.02,Met,0.0074237846,0.0074237846,0.045140892,0.05186369
M1470-1.02,ftz-f1,0.0073471046,0.0073471046,0.04833999,0.054149434
M2061-1.02,vvl,0.007331435,0.007331435,0.25439152,0.29759753
M5272-1.02,vri,0.007179699,0.007179699,0.02512993,0.03306838
M4803-1.02,CG11071,0.007151807,0.007151807,0.081320725,0.101913914
M4926-1.02,dsf,-0.0070897453,0.0070897453,0.029905463,0.039484356
M4883-1.02,CG8319,0.0070249056,0.0070249056,0.047350597,0.07126634
M1242-1.02,FBpp0073832,0.0069883433,0.0069883433,0.025202205,0.038777348
M4948-1.02,esg,-0.006968612,0.006968612,0.033993624,0.039029904
M6394-1.02,(Hr38)_(Homo_sapiens)_(DBD_0.90),-0.00695264,0.00695264,0.04973644,0.06454439
M1975-1.02,Antp,-0.006928777,0.006928777,0.0416286,0.07479819
M5247-1.02,Trl,0.006800441,0.006800441,0.031103877,0.035313167
M4826-1.02,CG15601,-0.006775628,0.006775628,0.051133838,0.0639103
M5107-1.02,Mio,-0.006728901,0.006728901,0.13643532,0.16643977
M4800-1.02,CG10267,0.006550266,0.006550266,0.07153166,0.09263081
M4788-1.02,C15,-0.0065279254,0.0065279254,0.05314573,0.060940433
M4670-1.02,CTCF,-0.0064168605,0.0064168605,0.088213965,0.10927891
M4866-1.02,CG4404,0.006411453,0.006411453,0.05682372,0.06907598
M4526-1.02,(mor)_(Homo_sapiens)_(DBD_0.89),-0.0063824295,0.0063824295,0.041978803,0.04518782
M4921-1.02,Doc2,-0.00633258,0.00633258,0.045375675,0.06611149
M4880-1.02,CG7928,0.0062978715,0.0062978715,0.022921948,0.031408083
M5148-1.02,pfk,0.006274699,0.006274699,0.056305815,0.06909657
M1858-1.02,Eip74EF,-0.006225398,0.006225398,0.039672464,0.057481155
M1529-1.02,(CG9727)_(Mus_musculus)_(DBD_0.51),-0.0062079555,0.0062079555,0.027525483,0.036256127
M4938-1.02,Eip78C,-0.0061982,0.0061982,0.09848032,0.10883798
M5265-1.02,vfl,-0.0061682793,0.0061682793,0.04014519,0.04892436
M4893-1.02,Clk,0.006114535,0.006114535,0.04075553,0.052490495
M6235-1.02,(croc)_(Homo_sapiens)_(DBD_0.92),0.0059465505,0.0059465505,0.025374709,0.029197887
M1946-1.02,ovo,0.0058913925,0.0058913925,0.023673397,0.035403226
M0319-1.02,(CrebB-17A)_(Mus_musculus)_(DBD_0.79),0.005853085,0.005853085,0.014561325,0.026965078
M4886-1.02,CG9437,-0.005836773,0.005836773,0.020750165,0.02991705
M4973-1.02,foxo,0.0056823855,0.0056823855,0.025597483,0.0291784
M4771-1.02,br,-0.005651421,0.005651421,0.051816728,0.07378492
M6277-1.02,(Pdp1)_(Homo_sapiens)_(DBD_0.68),0.005632862,0.005632862,0.05355861,0.06935512
M5050-1.02,Jra,-0.0055205435,0.0055205435,0.042181887,0.050270773
M2026-1.02,caup,0.005472628,0.005472628,0.035975274,0.046223573
M5256-1.02,twi,-0.0054530217,0.0054530217,0.095897876,0.11304836
M4906-1.02,FBgn0263118,-0.0054363823,0.0054363823,0.032548487,0.041798096
M4900-1.02,cwo,0.0053036017,0.0053036017,0.11276283,0.12787816
M5043-1.02,ind,0.0053008622,0.0053008622,0.014586487,0.02018397
M0817-1.02,gcm2,0.0052625635,0.0052625635,0.024717469,0.03126649
M2328-1.02,SU(HW),-0.0052469536,0.0052469536,0.04838223,0.06594142
M1471-1.02,tll,-0.005208863,0.005208863,0.05482783,0.07771606
M4829-1.02,FBgn0263240,-0.0051533217,0.0051533217,0.04786131,0.057552077
M4885-1.02,CG8765,0.005116573,0.005116573,0.019007655,0.027643554
M5034-1.02,Hr4,0.0050787004,0.0050787004,0.04104845,0.04765943
M4934-1.02,eg,0.0050642467,0.0050642467,0.24283387,0.28904176
M4802-1.02,CG10904,0.004998047,0.004998047,0.05030899,0.06143003
M1099-1.02,Ptx1,0.004842133,0.004842133,0.03755577,0.04188232
M5283-1.02,z,0.004668053,0.004668053,0.023201471,0.028869547
M4850-1.02,CG33557,-0.0046220133,0.0046220133,0.046856154,0.059305303
M5213-1.02,srp,0.004603679,0.004603679,0.09149649,0.10863954
M4770-1.02,brk,-0.0045872736,0.0045872736,0.098320015,0.110838875
M5186-1.02,sens-2,-0.0045573832,0.0045573832,0.03407079,0.045147285
M1103-1.02,Vsx2,-0.004538581,0.004538581,0.059701946,0.06835975
M1097-1.02,Awh,-0.004477603,0.004477603,0.025762387,0.03666499
M5018-1.02,HLH54F,-0.0044679996,0.0044679996,0.1181725,0.16010816
M4889-1.02,FBgn0261705,0.0044214698,0.0044214698,0.014999574,0.030936757
M4674-1.02,pnr,0.0043834294,0.0043834294,0.05258312,0.07003486
M1106-1.02,CG42234,0.0043736356,0.0043736356,0.008746877,0.013847675
M4983-1.02,GATAe,0.0043678205,0.0043678205,0.08365621,0.0920715
M5164-1.02,repo,0.0043361853,0.0043361853,0.06253045,0.068272494
M5227-1.02,tap,-0.004310617,0.004310617,0.072777025,0.093017355
M4730-1.02,Aef1,0.004277959,0.004277959,0.0121302195,0.017732613
M4783-1.02,Bteb2,0.0042507444,0.0042507444,0.16582635,0.20141245
M4922-1.02,dpn,-0.0042353743,0.0042353743,0.011583672,0.018818906
M5036-1.02,Hr78,0.0042119813,0.0042119813,0.09221241,0.10359415
M1091-1.02,eve,0.0041630357,0.0041630357,0.01108491,0.019717366
M4891-1.02,FBgn0262582,0.0039902693,0.0039902693,0.07998042,0.09692605
M1105-1.02,FBpp0292044,0.0039685224,0.0039685224,0.045013513,0.07276031
M4952-1.02,Ets96B,0.0039496166,0.0039496166,0.014119064,0.021206683
M4831-1.02,CG17181,-0.003849655,0.003849655,0.026725553,0.03905802
M5180-1.02,Scr,-0.003835836,0.003835836,0.048395645,0.07281412
M0736-1.02,(Mnf)_(Mus_musculus)_(DBD_0.79),-0.0037797724,0.0037797724,0.013487126,0.020443764
M5065-1.02,l(3)neo38,0.0036975774,0.0036975774,0.01586227,0.020964358
M2037-1.02,inv,0.0036459707,0.0036459707,0.1845832,0.20217524
M0596-1.02,(mip120)_(Drosophila_yakuba)_(DBD_0.99),0.0036342049,0.0036342049,0.06215046,0.07758677
M2247-1.02,btd,0.003541965,0.003541965,0.02350817,0.035461232
M5159-1.02,Poxn,-0.0035403927,0.0035403927,0.09743031,0.12357865
M5020-1.02,HLHm5,-0.0035192799,0.0035192799,0.088084064,0.110876925
M4843-1.02,CG32105,0.003494598,0.003494598,0.015420817,0.019476315
M5054-1.02,klu,-0.0034825618,0.0034825618,0.02764403,0.037857022
M2249-1.02,D,-0.003407441,0.003407441,0.04049635,0.046359636
M5142-1.02,pad,-0.0033766904,0.0033766904,0.013432665,0.016222741
M4824-1.02,CG14962,0.0033661365,0.0033661365,0.034141064,0.043141566
M5172-1.02,run,0.0033509883,0.0033509883,0.06984063,0.08582495
M5177-1.02,sage,-0.0032854888,0.0032854888,0.055498265,0.06549182
M6238-1.02,(CG11152)_(Homo_sapiens)_(DBD_0.50),-0.0032417686,0.0032417686,0.03485568,0.039473675
M6410-1.02,(toy)_(Homo_sapiens)_(DBD_0.84),0.0032134296,0.0032134296,0.027784113,0.040646102
M4892-1.02,ci,0.0031869996,0.0031869996,0.011357043,0.017953215
M4931-1.02,E5,-0.0031552983,0.0031552983,0.03897923,0.04808735
M1631-1.02,(H15)_(Mus_musculus)_(DBD_0.69),-0.0031169264,0.0031169264,0.016491232,0.021359568
M5167-1.02,rib,-0.0030938752,0.0030938752,0.23156519,0.25201
M4676-1.02,Myb,-0.0030708562,0.0030708562,0.36174184,0.41320145
M1100-1.02,Optix,-0.0030189415,0.0030189415,0.046808347,0.05848638
M4954-1.02,Ets98B,-0.0029866546,0.0029866546,0.014707943,0.01787883
M1854-1.02,dl,-0.0029664917,0.0029664917,0.01568803,0.01787949
M4769-1.02,bowl,0.0029655285,0.0029655285,0.10408133,0.14347869
M5011-1.02,HLH4C,0.0029052312,0.0029052312,0.17273746,0.2107057
M0740-1.02,slp1,0.0028889438,0.0028889438,0.0904542,0.1113487
M5215-1.02,sr,-0.002862522,0.002862522,0.033876482,0.047352392
M4927-1.02,dsx,0.002852013,0.002852013,0.12550619,0.15218373
M4823-1.02,CG13897,0.0027823078,0.0027823078,0.0340108,0.04703463
M2031-1.02,exd,0.0027234813,0.0027234813,0.009083568,0.0095988065
M2039-1.02,lbe,0.0027101184,0.0027101184,0.10706162,0.11541632
M4814-1.02,CG12236,0.0026433975,0.0026433975,0.02474064,0.032401696
M6537-1.02,(yps)_(Homo_sapiens)_(DBD_0.82),0.0025950442,0.0025950442,0.2015791,0.25476965
M5119-1.02,oc,-0.002503663,0.002503663,0.12998377,0.19370659
M5029-1.02,h,-0.0024322683,0.0024322683,0.0076843062,0.009141578
M5151-1.02,pho,0.0024220124,0.0024220124,0.02773234,0.042382132
M1974-1.02,Abd-B,-0.0024124251,0.0024124251,0.124721594,0.14294282
M4918-1.02,FBgn0262656,0.0023715664,0.0023715664,0.032878473,0.04987986
M1623-1.02,(bi)_(Nasonia_vitripennis)_(DBD_0.98),0.002354004,0.002354004,0.021112757,0.027197586
M4739-1.02,aop,-0.002330696,0.002330696,0.014164092,0.015993716
M4947-1.02,ERR,-0.002297371,0.002297371,0.06749147,0.07873651
M4865-1.02,CG4360,-0.002230374,0.002230374,0.03682314,0.045795843
M5211-1.02,sqz,-0.0021158992,0.0021158992,0.036621824,0.056143213
M5207-1.02,Sox14,-0.0020880823,0.0020880823,0.022436336,0.027766211
M5128-1.02,Oli,-0.002056858,0.002056858,0.019408798,0.03511854
M1993-1.02,CG9876,-0.00200449,0.00200449,0.026368063,0.03466799
M2251-1.02,gt,0.0019183651,0.0019183651,0.08715148,0.11176032
M5194-1.02,slbo,0.001916056,0.001916056,0.010936714,0.012272357
M4867-1.02,CG4854,0.0019073436,0.0019073436,0.032280445,0.048248366
M4997-1.02,hb,0.0019021453,0.0019021453,0.11327126,0.12915339
M0576-1.02,danr,-0.0018978405,0.0018978405,0.06752948,0.090136975
M5052-1.02,ken,0.0018269724,0.0018269724,0.025771582,0.036880888
M4901-1.02,D19A,0.0017246244,0.0017246244,0.016293852,0.02494837
M1918-1.02,Ubx,0.0017175098,0.0017175098,0.022172809,0.031434227
M4895-1.02,crc,-0.0017173437,0.0017173437,0.16153009,0.20507385
M4817-1.02,CG12605,-0.0016646577,0.0016646577,0.02266266,0.028858075
M4988-1.02,grh,-0.0016519417,0.0016519417,0.091515236,0.10428982
M5157-1.02,pnt,-0.0016005029,0.0016005029,0.005020065,0.008147765
M1094-1.02,zen2,0.0015707398,0.0015707398,0.013468345,0.027542347
M1223-1.02,(ey)_(Mus_musculus)_(DBD_0.89),-0.001566283,0.001566283,0.037321005,0.045269802
M4933-1.02,EcR,-0.0015650563,0.0015650563,0.0737845,0.08798579
M1092-1.02,Lim3,0.0015583192,0.0015583192,0.05119404,0.08953946
M4830-1.02,FBgn0262477,-0.0015248323,0.0015248323,0.014100428,0.02300419
M4722-1.02,ab,0.0014579074,0.0014579074,0.012565922,0.01527393
M4929-1.02,tgo,-0.0014321931,0.0014321931,0.0400386,0.048178975
M4897-1.02,CrebA,-0.0014099308,0.0014099308,0.05276614,0.069822155
M5081-1.02,lola,0.0014098671,0.0014098671,0.049567748,0.060846828
M1988-1.02,CG32532,0.0014067265,0.0014067265,0.01159996,0.025090374
M4863-1.02,CG4328,0.0014011121,0.0014011121,0.024224175,0.029940376
M4790-1.02,cad,-0.001400888,0.001400888,0.053761553,0.07392909
M5168-1.02,rn,-0.001273205,0.001273205,0.016766815,0.024840897
M2043-1.02,onecut,0.0012548242,0.0012548242,0.031686857,0.043001205
M4951-1.02,Ets65A,0.0012021573,0.0012021573,0.013284482,0.019007225
M5189-1.02,shn,0.0011900233,0.0011900233,0.014707561,0.020669226
M5025-1.02,HLHmgamma,-0.0011817344,0.0011817344,0.0025046098,0.0071797282
M2040-1.02,lbl,-0.0011758986,0.0011758986,0.007607205,0.011477009
M4974-1.02,fru,0.0011575052,0.0011575052,0.06112695,0.07856104
M4767-1.02,Blimp-1,-0.0011563661,0.0011563661,0.0062339506,0.014483655
M0111-1.02,retn,0.0011124357,0.0011124357,0.023844333,0.030492058
M5179-1.02,sc,0.0009372606,0.0009372606,0.008533146,0.019718735
M4882-1.02,CG8281,-0.00086274964,0.00086274964,0.035133958,0.038384937
M5023-1.02,HLHmbeta,-0.000861204,0.000861204,0.05611695,0.069447815
M2006-1.02,nub,0.00082463585,0.00082463585,0.06983785,0.08205635
M1093-1.02,so,0.0008051514,0.0008051514,0.07920011,0.0903487
M4971-1.02,Fer3,0.0006976099,0.0006976099,0.0062690023,0.013085545
M5348-1.02,(CG34340)_(Homo_sapiens)_(DBD_0.93),0.000682766,0.000682766,0.017032398,0.023819065
M5040-1.02,hth,0.0006709134,0.0006709134,0.015823059,0.019746864
M4842-1.02,CG31782,-0.0006369181,0.0006369181,0.02722306,0.036022127
M5174-1.02,Rx,-0.0006162448,0.0006162448,0.005064786,0.008760171
M4949-1.02,E(spl),0.0005986656,0.0005986656,0.005320147,0.014854177
M1095-1.02,bap,0.0005917321,0.0005917321,0.05007866,0.06311749
M1599-1.02,(Sox21b)_(Mus_musculus)_(DBD_0.93),-0.00056233915,0.00056233915,0.09678622,0.11141095
M5097-1.02,luna,-0.0005382948,0.0005382948,0.023465877,0.035167903
M4669-1.02,FBgn0262975,-0.0004384622,0.0004384622,0.03557879,0.04285273
M4837-1.02,CG3065,-0.00037847806,0.00037847806,0.006049826,0.010263149
M4872-1.02,CG5953,-0.00037151316,0.00037151316,0.029564956,0.034847226
M4675-1.02,Mef2,0.00036490778,0.00036490778,0.02414301,0.03312666
M5116-1.02,net,0.0003420588,0.0003420588,0.023213046,0.033197705
M5209-1.02,Sp1,-0.00032364458,0.00032364458,0.02783854,0.038192164
M4912-1.02,Dip3,-0.00029632705,0.00029632705,0.029825678,0.040107567
M1096-1.02,Gsc,0.00019820109,0.00019820109,0.021074045,0.027847841
M5219-1.02,sug,-0.0001933643,0.0001933643,0.013994484,0.023942098
M1869-1.02,(grn)_(Homo_sapiens)_(DBD_0.93),-0.00014657485,0.00014657485,0.07717008,0.088276625
M4811-1.02,FBgn0263239,7.569508e-05,7.569508e-05,0.014707419,0.01767393
M6374-1.02,(scro)_(Homo_sapiens)_(DBD_0.93),4.857081e-05,4.857081e-05,0.07709497,0.10179117
M2327-1.02,STAT92E,1.9010342e-05,1.9010342e-05,0.051282417,0.060626753
M5280-1.02,zen,1.5267916e-06,1.5267916e-06,0.05592465,0.08688371
M5064-1.02,l(1)sc,0.0,0.0,0.0,0.0
M2009-1.02,Pph13,0.0,0.0,0.0,0.0
M5273-1.02,wor,0.0,0.0,0.0,0.0
M5051-1.02,kay,0.0,0.0,0.0,0.0
M2007-1.02,OdsH,0.0,0.0,0.0,0.0
M2018-1.02,ap,0.0,0.0,0.0,0.0
M4919-1.02,Max,0.0,0.0,0.0,0.0
M1995-1.02,Dfd,0.0,0.0,0.0,0.0
M2005-1.02,NK7.1,0.0,0.0,0.0,0.0
M2029-1.02,en,0.0,0.0,0.0,0.0
M1980-1.02,CG11085,0.0,0.0,0.0,0.0
M1978-1.02,B-H2,0.0,0.0,0.0,0.0
M5075-1.02,Lim1,0.0,0.0,0.0,0.0
M5108-1.02,bigmax,0.0,0.0,0.0,0.0
M5109-1.02,mirr,0.0,0.0,0.0,0.0
M0713-1.02,Ets21C,0.0,0.0,0.0,0.0
M2024-1.02,btn,0.0,0.0,0.0,0.0
M2049-1.02,ro,0.0,0.0,0.0,0.0
M2034-1.02,hbn,0.0,0.0,0.0,0.0
M4745-1.02,ase,0.0,0.0,0.0,0.0
M4896-1.02,CG6272,0.0,0.0,0.0,0.0
M4894-1.02,cyc,0.0,0.0,0.0,0.0
M5190-1.02,Side,0.0,0.0,0.0,0.0
M4930-1.02,dys,0.0,0.0,0.0,0.0
M5173-1.02,Bgb,0.0,0.0,0.0,0.0
M5199-1.02,slp2,0.0,0.0,0.0,0.0
M5007-1.02,HGTX,0.0,0.0,0.0,0.0
M4806-1.02,CG11294,0.0,0.0,0.0,0.0
M4732-1.02,al,0.0,0.0,0.0,0.0
M2038-1.02,lab,0.0,0.0,0.0,0.0
M4725-1.02,da,0.0,0.0,0.0,0.0
M5221-1.02,svp,0.0,0.0,0.0,0.0
M5027-1.02,Hmx,0.0,0.0,0.0,0.0
M2252-1.02,H2.0,0.0,0.0,0.0,0.0
M2059-1.02,vis,0.0,0.0,0.0,0.0
M2058-1.02,unpg,0.0,0.0,0.0,0.0
M2057-1.02,unc-4,0.0,0.0,0.0,0.0
M2046-1.02,pb,0.0,0.0,0.0,0.0
M5137-1.02,otp,0.0,0.0,0.0,0.0
